,,
Торт,Лишнее,215 ₽
Круассан,Лишнее,330 ₽
Горчица,Еда,118 ₽
Пенка для полоскания,Гигиена,986 ₽
Такси,Быт,395 ₽
Такси,Быт,575 ₽
Такси,Быт,426 ₽
Такси,Быт,462 ₽
Огурцы,Еда,98 ₽
Круассан,Лишнее,216 ₽
Торт,Лишнее,215 ₽
Такси,Быт,402 ₽
Такси,Быт,379 ₽
Круассан,Лишнее,216 ₽
Горшек,Еда,142 ₽
Чай,Лишнее,145 ₽
Торт,Лишнее,215 ₽
Печенье,Лишнее,214 ₽
Круассан,Лишнее,165 ₽
Зефир,Лишнее,166 ₽
Сыр,Лишнее,328 ₽
Мармелад,Лишнее,188 ₽
Творог,Еда,205 ₽
Лук,Еда,45 ₽
Лимоны,Еда,102 ₽
Яйцо,Еда,144 ₽
Ламинария,Еда,210 ₽
Смородина чёрная,Лишнее,326 ₽
Морковь,Еда,56 ₽
Свекла,Еда,53 ₽
Мука,Еда,135 ₽
Горчица,Лишнее,118 ₽
Молоко топлёное,Еда,126 ₽
Капуста,Еда,252 ₽
Морковь,Еда,115 ₽
Чеснок,Еда,228 ₽
Курица,Еда,"1,363 ₽"
Блефарогель,Гигиена,442 ₽
Чай зеленый,Еда,338 ₽
Зубные щетки,Гигиена,"3,035 ₽"
Пельменница,Быт,231 ₽
Соя,Еда,297 ₽
Расческа,Гигиена,682 ₽
Форма силиконовая,Быт,165 ₽
Скамья,Быт,"2,600 ₽"
Семена лука,Еда,108 ₽
Ромашка,Еда,432 ₽
Шпатель кондитерский,Быт,180 ₽
Скалка,Быт,251 ₽
Сковорода,Быт,"1,512 ₽"
Ирригатор,Гигиена,"4,972 ₽"
Чайный гриб,Еда,275 ₽
Карниз,Ремонт,"1,382 ₽"
Шторы блэкаут,Ремонт,"1,776 ₽"
Интернет,ЖКХ,750 ₽
Стеларис,Лишнее,"2,500 ₽"
Артелак,Гигиена,654 ₽
Зира,Еда,587 ₽
Ваниль,Еда,530 ₽
Фольга,Быт,487 ₽
Ситечко,Быт,392 ₽
Пленка пищевая,Быт,290 ₽
Пипетка,Быт,183 ₽
Средство для мытья стёкол,Быт,339 ₽
Удлинитель,Быт,"2,365 ₽"
Стол,Быт,"25,684 ₽"
Конфеты,Лишнее,263 ₽
Пломбир,Лишнее,88 ₽
Эскимо,Лишнее,137 ₽
Пломбир,Лишнее,98 ₽
Пломбир,Лишнее,90 ₽
Йогурт греческий,Еда,335 ₽
Отруби,Еда,60 ₽
Отруби,Еда,80 ₽
Яйцо,Еда,150 ₽
Творог,Еда,175 ₽
Сахарная пудра,Еда,60 ₽
Форма силиконовая,Быт,512 ₽
Масло для дерева,Быт,"3,129 ₽"
Лук,Еда,52 ₽
Свекла,Еда,69 ₽
Тыква,Еда,243 ₽
Сметана,Лишнее,106 ₽
Сыр адыгейский,Лишнее,328 ₽
Молоко топлёное,Еда,126 ₽
Оливки,Лишнее,185 ₽
Сковорода,Быт,"9,901 ₽"
Губка для посуды,Быт,158 ₽
Шкурка шлифовальная,Быт,184 ₽
Карамель,Еда,538 ₽
Нож сатыр,Быт,"4,650 ₽"
Удобрение ,Быт,228 ₽
Субстрат кокосовый,Быт,146 ₽
Корзина для хлеба,Быт,792 ₽
Древесный уголь,Быт,246 ₽
Кашпо,Быт,"1,569 ₽"
Торф,Быт,199 ₽
Агроперлит,Быт,102 ₽
Вермикулит,Быт,68 ₽
Костная мука,Быт,138 ₽
Курица,Еда,"1,201 ₽"
Уксус,Еда,135 ₽
Чай чёрный,Еда,145 ₽
Соевый соус,Еда,110 ₽
Бактерии для натто,Еда,134 ₽
Бактерии для натто,Еда,144 ₽
Соя,Еда,364 ₽
Сгущёное молоко,Еда,"1,196 ₽"
Лимонная кислота,Уборка,284 ₽
Какао,Еда,"2,048 ₽"
Сетевая карта,Быт,"1,732 ₽"
Блефарогель,Гигиена,420 ₽
Корзина для пароварки,Быт,606 ₽
Подставка для хлеба,Быт,613 ₽
Лук,Еда,49 ₽
Масло оливковое,Еда,"1,550 ₽"
Печенье,Лишнее,214 ₽
Кунжут,Еда,118 ₽
Квартплата,ЖКХ,"10,191 ₽"
Электроэнергия,ЖКХ,"2,859 ₽"
Лук,Еда,66 ₽
Нут,Еда,143 ₽
Минтай,Еда,585 ₽
Масло сливочное,Еда,539 ₽
Яйцо,Еда,149 ₽
Укроп,Еда,65 ₽
фильтры для Тион,Быт,"9,650 ₽"
Интернет,ЖКХ,750 ₽
Творог,Еда,350 ₽
Тан,Еда,150 ₽
Мука ржаная,Еда,190 ₽
Сметана,Еда,110 ₽
Курица,Еда,"1,089 ₽"
Морковь,Еда,57 ₽
Капуста пекинская,Еда,236 ₽
Сельдерей,Еда,156 ₽
Картофель,Еда,167 ₽
Яйцо,Еда,309 ₽
Какао,Еда,160 ₽
Рис,Еда,250 ₽
